Workbook

Sheet BD Parametros
C1: FLOTA TOTAL | D1: =COUNTA(O6:O284) -> 279 | E1: BASE DE DATOS AJUSTE DE PARÁMETROS
C2: AJUSTES REALIZADOS | D2: =COUNTIF(O6:O284,"SI") -> 147
C3: AJUSTES PENDIENTES | D3: =COUNTIF(O6:O296,"NO") -> 132
C4: AVANCE | D4: =D2/D1 -> 0.52688172 | R4: F.MTA.026 1-06/23
A5: TIPO ESTRUCTURA | B5: No. ECO | C5: VIN | D5: MARCA TRACTO | E5: MOTOR | F5: TIPO | G5: MODELO | H5: AÑO | I5: ESTRUCTURA | J5: TIPO2 | K5: TIPO3 | L5: ESTATUS | M5: REMOLQUE | N5: CLIENTE | O5: Ajuste | P5: FECHA DE AJUSTE | Q5: BASE DONDE SE REALIZÓ
A6: =Tabla2[[#This Row],[TIPO2]]&" "&Tabla2[[#This Row],[ESTRUCTURA]] -> QUINTA BAJA WS COTTRELL | B6: C01 | C6: 5KKHAEDV5LPLX8876 | D6: WESTERN STAR | E6: DETROIT DD15 | F6: DD15 | G6: 4900 | H6: 2023 | I6: COTTRELL | J6: QUINTA BAJA WS | K6: WS-COT | L6: CRECIMIENTO | M6: RE-C01 | N6: =VLOOKUP(Tabla2[[#This Row],[No. ECO]],Hoja1!A:D,2,FALSE) -> TY-APASEO- | O6: NO | T6: Etiquetas de fila | U6: Cuenta de TIPO ESTRUCTURA
A7: =Tabla2[[#This Row],[TIPO2]]&" "&Tabla2[[#This Row],[ESTRUCTURA]] -> QUINTA BAJA WS COTTRELL | B7: C02 | C7: 5KKHAEDVXMPMF1916 | D7: WESTERN STAR | E7: DETROIT DD13 | F7: DD13 | G7: 4900 | H7: 2023 | I7: COTTRELL | J7: QUINTA BAJA WS | K7: WS-COT | L7: CRECIMIENTO | M7: RE-C02 | N7: =VLOOKUP(Tabla2[[#This Row],[No. ECO]],Hoja1!A:D,2,FALSE) -> TY-APASEO- | O7: SI | P7: 45505 | Q7: Salinas | T7: QUINTA BAJA COTTRELL | U7: 46
A8: =Tabla2[[#This Row],[TIPO2]]&" "&Tabla2[[#This Row],[ESTRUCTURA]] -> QUINTA BAJA WS COTTRELL | B8: C03 | C8: 5KKHAEDV1MPMF1917 | D8: WESTERN STAR | E8: DETROIT DD13 | F8: DD13 | G8: 4900 | H8: 2023 | I8: COTTRELL | J8: QUINTA BAJA WS | K8: WS-COT | L8: CRECIMIENTO | M8: RE-C03 | N8: =VLOOKUP(Tabla2[[#This Row],[No. ECO]],Hoja1!A:D,2,FALSE) -> DT- | O8: SI | P8: 45521 | Q8: Salamanca | T8: SEMI FULL DOLLY COTTRELL | U8: 37
A9: =Tabla2[[#This Row],[TIPO2]]&" "&Tabla2[[#This Row],[ESTRUCTURA]] -> QUINTA BAJA WS COTTRELL | B9: C04 | C9: 5KKHAEDV3MPMF1918 | D9: WESTERN STAR | E9: DETROIT DD13 | F9: DD13 | G9: 4900 | H9: 2023 | I9: COTTRELL | J9: QUINTA BAJA WS | K9: WS-COT | L9: CRECIMIENTO | M9: RE-C04 | N9: =VLOOKUP(Tabla2[[#This Row],[No. ECO]],Hoja1!A:D,2,FALSE) -> DT- | O9: SI | P9: 45572 | Q9: Salinas | T9: QUINTA BAJA 2.0 COTTRELL | U9: 37
A10: =Tabla2[[#This Row],[TIPO2]]&" "&Tabla2[[#This Row],[ESTRUCTURA]] -> QUINTA BAJA WS COTTRELL | B10: C36 | C10: 5KKHAEDV3NPNP5807 | D10: WESTERN STAR | E10: DETROIT DD13 | F10: DD13 | G10: 4900 | H10: 2022 | I10: COTTRELL | J10: QUINTA BAJA WS | K10: WS-COT | L10: CRECIMIENTO | M10: RE-C36 | N10: =VLOOKUP(Tabla2[[#This Row],[No. ECO]],Hoja1!A:D,2,FALSE) -> TY-APASEO- | O10: NO | T10: QUINTA BAJA WS COTTRELL | U10: 23
A11: =Tabla2[[#This Row],[TIPO2]]&" "&Tabla2[[#This Row],[ESTRUCTURA]] -> QUINTA BAJA WS COTTRELL | B11: C37 | C11: 5KKHAEDV7NPNP5812 | D11: WESTERN STAR | E11: DETROIT DD13 | F11: DD13 | G11: 4900 | H11: 2022 | I11: COTTRELL | J11: QUINTA BAJA WS | K11: WS-COT | L11: CRECIMIENTO | M11: RE-C37 | N11: =VLOOKUP(Tabla2[[#This Row],[No. ECO]],Hoja1!A:D,2,FALSE) -> DT- | O11: SI | P11: 45521 | Q11: Salamanca | T11: QUINTA BAJA BOYDSTUN | U11: 22
A12: =Tabla2[[#This Row],[TIPO2]]&" "&Tabla2[[#This Row],[ESTRUCTURA]] -> QUINTA BAJA WS COTTRELL | B12: C38 | C12: 5KKHAEDV6NPNP5817 | D12: WESTERN STAR | E12: DETROIT DD13 | F12: DD13 | G12: 4900 | H12: 2022 | I12: COTTRELL | J12: QUINTA BAJA WS | K12: WS-COT | L12: CRECIMIENTO | M12: RE-C38 | N12: =VLOOKUP(Tabla2[[#This Row],[No. ECO]],Hoja1!A:D,2,FALSE) -> TY-APASEO- | O12: SI | P12: 45505 | Q12: Salinas | T12: FULL COTTRELL | U12: 20
A13: =Tabla2[[#This Row],[TIPO2]]&" "&Tabla2[[#This Row],[ESTRUCTURA]] -> QUINTA BAJA WS COTTRELL | B13: C39 | C13: 5KKHAEDVXNPNP5822 | D13: WESTERN STAR | E13: DETROIT DD13 | F13: DD13 | G13: 4900 | H13: 2022 | I13: COTTRELL | J13: QUINTA BAJA WS | K13: WS-COT | L13: CRECIMIENTO | M13: RE-C39 | N13: =VLOOKUP(Tabla2[[#This Row],[No. ECO]],Hoja1!A:D,2,FALSE) -> TY-APASEO- | O13: SI | P13: 45596 | Q13: Salinas | T13: C3 JAES | U13: 16
A14: =Tabla2[[#This Row],[TIPO2]]&" "&Tabla2[[#This Row],[ESTRUCTURA]] -> QUINTA BAJA WS COTTRELL | B14: C40 | C14: 5KKHAEDV5NPNP5825 | D14: WESTERN STAR | E14: DETROIT DD13 | F14: DD13 | G14: 4900 | H14: 2022 | I14: COTTRELL | J14: QUINTA BAJA WS | K14: WS-COT | L14: CRECIMIENTO | M14: RE-C40 | N14: =VLOOKUP(Tabla2[[#This Row],[No. ECO]],Hoja1!A:D,2,FALSE) -> DT- | O14: SI | P14: 45555 | Q14: Salinas | T14: FULL LOHR | U14: 9
A15: =Tabla2[[#This Row],[TIPO2]]&" "&Tabla2[[#This Row],[ESTRUCTURA]] -> QUINTA BAJA WS COTTRELL | B15: C41 | C15: 5KKHAEDV1NPNP5840 | D15: WESTERN STAR | E15: DETROIT DD13 | F15: DD13 | G15: 4900 | H15: 2022 | I15: COTTRELL | J15: QUINTA BAJA WS | K15: WS-COT | L15: CRECIMIENTO | M15: RE-C41 | N15: =VLOOKUP(Tabla2[[#This Row],[No. ECO]],Hoja1!A:D,2,FALSE) -> DT- | O15: SI | P15: 45521 | Q15: Salamanca | T15: QUINTA ALTA BOYDSTUN | U15: 5
A16: =Tabla2[[#This Row],[TIPO2]]&" "&Tabla2[[#This Row],[ESTRUCTURA]] -> QUINTA BAJA WS COTTRELL | B16: C42 | C16: 5KKHAEDV5NPNP5842 | D16: WESTERN STAR | E16: DETROIT DD13 | F16: DD13 | G16: 4900 | H16: 2022 | I16: COTTRELL | J16: QUINTA BAJA WS | K16: WS-COT | L16: CRECIMIENTO | M16: RE-C42 | N16: =VLOOKUP(Tabla2[[#This Row],[No. ECO]],Hoja1!A:D,2,FALSE) -> DT- | O16: NO | T16: Total general | U16: 215
A17: =Tabla2[[#This Row],[TIPO2]]&" "&Tabla2[[#This Row],[ESTRUCTURA]] -> QUINTA BAJA WS COTTRELL | B17: C43 | C17: 5KKHAEDV7NPNP5843 | D17: WESTERN STAR | E17: DETROIT DD13 | F17: DD13 | G17: 4900 | H17: 2022 | I17: COTTRELL | J17: QUINTA BAJA WS | K17: WS-COT | L17: CRECIMIENTO | M17: RE-C45 | N17: =VLOOKUP(Tabla2[[#This Row],[No. ECO]],Hoja1!A:D,2,FALSE) -> DT- | O17: NO
A18: =Tabla2[[#This Row],[TIPO2]]&" "&Tabla2[[#This Row],[ESTRUCTURA]] -> QUINTA BAJA WS COTTRELL | B18: C44 | C18: 5KKHAEDV3NPNP5872 | D18: WESTERN STAR | E18: DETROIT DD13 | F18: DD13 | G18: 4900 | H18: 2022 | I18: COTTRELL | J18: QUINTA BAJA WS | K18: WS-COT | L18: CRECIMIENTO | M18: RE-C44 | N18: =VLOOKUP(Tabla2[[#This Row],[No. ECO]],Hoja1!A:D,2,FALSE) -> DT- | O18: SI | P18: 45517 | Q18: Salamanca | T18: Etiquetas de fila | U18: Cuenta de MOTOR
A19: =Tabla2[[#This Row],[TIPO2]]&" "&Tabla2[[#This Row],[ESTRUCTURA]] -> QUINTA BAJA WS COTTRELL | B19: C45 | C19: 5KKHAEDV1NPNP5904 | D19: WESTERN STAR | E19: DETROIT DD13 | F19: DD13 | G19: 4900 | H19: 2022 | I19: COTTRELL | J19: QUINTA BAJA WS | K19: WS-COT | L19: CRECIMIENTO | M19: RE-C45 | N19: =VLOOKUP(Tabla2[[#This Row],[No. ECO]],Hoja1!A:D,2,FALSE) -> DT- | O19: SI | P19: 45586 | Q19: Salinas | T19: CUMMINS X15 | U19: 105
A20: =Tabla2[[#This Row],[TIPO2]]&" "&Tabla2[[#This Row],[ESTRUCTURA]] -> FULL COTTRELL | B20: TLEA-018 | C20: 3WKAD49X4GF863901 | D20: KENWORTH | E20: CUMMINS X15 | F20: X15 | G20: T660 | H20: 2023 | I20: COTTRELL | J20: FULL | K20: FULL | L20: RENOVACIÓN | M20: RE-018 | N20: =VLOOKUP(Tabla2[[#This Row],[No. ECO]],Hoja1!A:D,2,FALSE) -> TY-D- | O20: SI | P20: 45523 | Q20: Salamanca | T20: PACCAR MX-13 | U20: 53
A21: =Tabla2[[#This Row],[TIPO2]]&" "&Tabla2[[#This Row],[ESTRUCTURA]] -> QUINTA BAJA COTTRELL | B21: TLEA-021 | C21: 3BKZL40X0RF538110 | D21: KENWORTH | E21: CUMMINS X15 | F21: X15 | G21: T880 | H21: 2024 | I21: COTTRELL | J21: QUINTA BAJA | K21: QB | L21: RENOVACIÓN | M21: RE-021 | N21: =VLOOKUP(Tabla2[[#This Row],[No. ECO]],Hoja1!A:D,2,FALSE) -> GM- | O21: NO | T21: DETROIT DD13 | U21: 44
A22: =Tabla2[[#This Row],[TIPO2]]&" "&Tabla2[[#This Row],[ESTRUCTURA]] -> QUINTA BAJA COTTRELL | B22: TLEA-025 | C22: 3BKZL40XXPF536264 | D22: KENWORTH | E22: CUMMINS X15 | F22: X15 | G22: T660 | H22: 2023 | I22: COTTRELL | J22: QUINTA BAJA | K22: QB | L22: RENOVACIÓN | M22: RE-025 | N22: =VLOOKUP(Tabla2[[#This Row],[No. ECO]],Hoja1!A:D,2,FALSE) -> GM- | O22: SI | P22: 45610 | Q22: Salinas | T22: CUMMINS EPA 04 | U22: 10
A23: =Tabla2[[#This Row],[TIPO2]]&" "&Tabla2[[#This Row],[ESTRUCTURA]] -> QUINTA BAJA COTTRELL | B23: TLEA-027 | C23: 3BKZL40X8PF536263 | D23: KENWORTH | E23: CUMMINS X15 | F23: X15 | G23: T880 | H23: 2023 | I23: COTTRELL | J23: QUINTA BAJA | K23: QB | L23: RENOVACIÓN | M23: RE-027 | N23: =VLOOKUP(Tabla2[[#This Row],[No. ECO]],Hoja1!A:D,2,FALSE) -> BMW- | O23: SI | P23: 45520 | Q23: Salamanca | T23: DETROIT DD15 | U23: 3
A24: =Tabla2[[#This Row],[TIPO2]]&" "&Tabla2[[#This Row],[ESTRUCTURA]] -> QUINTA BAJA COTTRELL | B24: TLEA-028 | C24: 3BKZL40X5PF536270 | D24: KENWORTH | E24: CUMMINS X15 | F24: X15 | G24: T880 | H24: 2023 | I24: COTTRELL | J24: QUINTA BAJA | K24: QB | L24: RENOVACIÓN | M24: RE-028 | N24: =VLOOKUP(Tabla2[[#This Row],[No. ECO]],Hoja1!A:D,2,FALSE) -> GM- | O24: SI | P24: 45609 | Q24: Salinas | T24: Total general | U24: 215
A25: =Tabla2[[#This Row],[TIPO2]]&" "&Tabla2[[#This Row],[ESTRUCTURA]] -> QUINTA BAJA COTTRELL | B25: TLEA-030 | C25: 3BKZL40X3PF536266 | D25: KENWORTH | E25: CUMMINS X15 | F25: X15 | G25: T880 | H25: 2023 | I25: COTTRELL | J25: QUINTA BAJA | K25: QB | L25: RENOVACIÓN | M25: RE-030 | N25: =VLOOKUP(Tabla2[[#This Row],[No. ECO]],Hoja1!A:D,2,FALSE) -> GM- | O25: NO
A26: =Tabla2[[#This Row],[TIPO2]]&" "&Tabla2[[#This Row],[ESTRUCTURA]] -> QUINTA BAJA COTTRELL | B26: TLEA-031 | C26: 3BKZL40X5PF536267 | D26: KENWORTH | E26: CUMMINS X15 | F26: X15 | G26: T880 | H26: 2023 | I26: COTTRELL | J26: QUINTA BAJA | K26: QB | L26: RENOVACIÓN | M26: RE-031 | N26: =VLOOKUP(Tabla2[[#This Row],[No. ECO]],Hoja1!A:D,2,FALSE) -> BMW- | O26: SI | P26: 45572 | Q26: Salinas | T26: Etiquetas de fila | U26: Cuenta de MARCA TRACTO
A27: =Tabla2[[#This Row],[TIPO2]]&" "&Tabla2[[#This Row],[ESTRUCTURA]] -> QUINTA BAJA COTTRELL | B27: TLEA-037 | C27: 3BKZL40X9PF536269 | D27: KENWORTH | E27: CUMMINS X15 | F27: X15 | G27: T880 | H27: 2023 | I27: COTTRELL | J27: QUINTA BAJA | K27: QB | L27: RENOVACIÓN | M27: RE-037 | N27: =VLOOKUP(Tabla2[[#This Row],[No. ECO]],Hoja1!A:D,2,FALSE) -> GM- | O27: NO | T27: KENWORTH | U27: 160
A28: =Tabla2[[#This Row],[TIPO2]]&" "&Tabla2[[#This Row],[ESTRUCTURA]] -> QUINTA BAJA COTTRELL | B28: TLEA-038 | C28: 3BKZL40X7PF536268 | D28: KENWORTH | E28: CUMMINS X15 | F28: X15 | G28: T880 | H28: 2023 | I28: COTTRELL | J28: QUINTA BAJA | K28: QB | L28: RENOVACIÓN | M28: RE-038 | N28: =VLOOKUP(Tabla2[[#This Row],[No. ECO]],Hoja1!A:D,2,FALSE) -> GM- | O28: SI | P28: 45588 | Q28: Salinas | T28: WESTERN STAR | U28: 45
A29: =Tabla2[[#This Row],[TIPO2]]&" "&Tabla2[[#This Row],[ESTRUCTURA]] -> SEMI FULL DOLLY COTTRELL | B29: TLEA-041 | C29: 3BKZL40X9RF540180 | D29: KENWORTH | E29: CUMMINS X15 | F29: X15 | G29: T880 | H29: 2024 | I29: COTTRELL | J29: SEMI FULL DOLLY | K29: DOLLY | L29: RENOVACIÓN | M29: RE-041 | N29: =VLOOKUP(Tabla2[[#This Row],[No. ECO]],Hoja1!A:D,2,FALSE) -> BMW- | O29: SI | P29: 45610 | Q29: Salinas | T29: INTERNATIONAL | U29: 9
A30: =Tabla2[[#This Row],[TIPO2]]&" "&Tabla2[[#This Row],[ESTRUCTURA]] -> SEMI FULL DOLLY COTTRELL | B30: TLEA-042 | C30: 3BKZL40X0RF540181 | D30: KENWORTH | E30: CUMMINS X15 | F30: X15 | G30: T880 | H30: 2024 | I30: COTTRELL | J30: SEMI FULL DOLLY | K30: DOLLY | L30: RENOVACIÓN | M30: RE-042 | N30: =VLOOKUP(Tabla2[[#This Row],[No. ECO]],Hoja1!A:D,2,FALSE) -> BMW- | O30: SI | P30: 45572 | Q30: Salinas | T30: FREIGHLINER | U30: 1
A31: =Tabla2[[#This Row],[TIPO2]]&" "&Tabla2[[#This Row],[ESTRUCTURA]] -> SEMI FULL DOLLY COTTRELL | B31: TLEA-043 | C31: 3BKALPX2GF866451 | D31: KENWORTH | E31: CUMMINS X15 | F31: X15 | G31: T660 | H31: 2024 | I31: COTTRELL | J31: SEMI FULL DOLLY | K31: DOLLY | L31: RENOVACIÓN | M31: RE-043 | N31: =VLOOKUP(Tabla2[[#This Row],[No. ECO]],Hoja1!A:D,2,FALSE) -> GM- | O31: NO | T31: Total general | U31: 215
A32: =Tabla2[[#This Row],[TIPO2]]&" "&Tabla2[[#This Row],[ESTRUCTURA]] -> SEMI FULL DOLLY COTTRELL | B32: TLEA-044 | C32: 3BKZL40X5RF538068 | D32: KENWORTH | E32: CUMMINS X15 | F32: X15 | G32: T880 | H32: 2024 | I32: COTTRELL | J32: SEMI FULL DOLLY | K32: DOLLY | L32: RENOVACIÓN | M32: RE-044 | N32: =VLOOKUP(Tabla2[[#This Row],[No. ECO]],Hoja1!A:D,2,FALSE) -> GM- | O32: NO
A33: =Tabla2[[#This Row],[TIPO2]]&" "&Tabla2[[#This Row],[ESTRUCTURA]] -> SEMI FULL DOLLY COTTRELL | B33: TLEA-046 | C33: 3BKALP9X1GF866442 | D33: KENWORTH | E33: PACCAR MX-13 | F33: MX-13 | G33: T660 | H33: 2016 | I33: COTTRELL | J33: SEMI FULL DOLLY | K33: DOLLY | L33: VIEJA | M33: RE-046 | N33: =VLOOKUP(Tabla2[[#This Row],[No. ECO]],Hoja1!A:D,2,FALSE) -> MZ- | O33: NO
A34: =Tabla2[[#This Row],[TIPO2]]&" "&Tabla2[[#This Row],[ESTRUCTURA]] -> SEMI FULL DOLLY COTTRELL | B34: TLEA-047 | C34: 3BKALP9X8GF866454 | D34: KENWORTH | E34: PACCAR MX-13 | F34: MX-13 | G34: T660 | H34: 2016 | I34: COTTRELL | J34: SEMI FULL DOLLY | K34: DOLLY | L34: VIEJA | M34: RE-047 | N34: =VLOOKUP(Tabla2[[#This Row],[No. ECO]],Hoja1!A:D,2,FALSE) -> AU- | O34: NO
A35: =Tabla2[[#This Row],[TIPO2]]&" "&Tabla2[[#This Row],[ESTRUCTURA]] -> SEMI FULL DOLLY COTTRELL | B35: TLEA-048 | C35: 3BKALP9X5GF866444 | D35: KENWORTH | E35: PACCAR MX-13 | F35: MX-13 | G35: T660 | H35: 2016 | I35: COTTRELL | J35: SEMI FULL DOLLY | K35: DOLLY | L35: VIEJA | M35: RE-048 | N35: =VLOOKUP(Tabla2[[#This Row],[No. ECO]],Hoja1!A:D,2,FALSE) -> MZ- | O35: NO
A36: =Tabla2[[#This Row],[TIPO2]]&" "&Tabla2[[#This Row],[ESTRUCTURA]] -> SEMI FULL DOLLY COTTRELL | B36: TLEA-049 | C36: 3BKALP9X2GF866448 | D36: KENWORTH | E36: PACCAR MX-13 | F36: MX-13 | G36: T660 | H36: 2016 | I36: COTTRELL | J36: SEMI FULL DOLLY | K36: DOLLY | L36: VIEJA | M36: RE-049 | N36: =VLOOKUP(Tabla2[[#This Row],[No. ECO]],Hoja1!A:D,2,FALSE) -> AU- | O36: NO
A37: =Tabla2[[#This Row],[TIPO2]]&" "&Tabla2[[#This Row],[ESTRUCTURA]] -> SEMI FULL DOLLY COTTRELL | B37: TLEA-050 | C37: 3BKZL40X7RF538069 | D37: KENWORTH | E37: CUMMINS X15 | F37: X15 | G37: T880 | H37: 2024 | I37: COTTRELL | J37: SEMI FULL DOLLY | K37: DOLLY | L37: RENOVACIÓN | M37: RE-050 | N37: =VLOOKUP(Tabla2[[#This Row],[No. ECO]],Hoja1!A:D,2,FALSE) -> GM- | O37: SI | P37: 45572 | Q37: Salinas
A38: =Tabla2[[#This Row],[TIPO2]]&" "&Tabla2[[#This Row],[ESTRUCTURA]] -> SEMI FULL DOLLY COTTRELL | B38: TLEA-054 | C38: 3BKALP9X7GF866459 | D38: KENWORTH | E38: PACCAR MX-13 | F38: MX-13 | G38: T660 | H38: 2016 | I38: COTTRELL | J38: SEMI FULL DOLLY | K38: DOLLY | L38: VIEJA | M38: RE-054 | N38: =VLOOKUP(Tabla2[[#This Row],[No. ECO]],Hoja1!A:D,2,FALSE) -> MZ- | O38: NO
A39: =Tabla2[[#This Row],[TIPO2]]&" "&Tabla2[[#This Row],[ESTRUCTURA]] -> SEMI FULL DOLLY COTTRELL | B39: TLEA-055 | C39: 3BKALP9X5GF866461 | D39: KENWORTH | E39: PACCAR MX-13 | F39: MX-13 | G39: T660 | H39: 2016 | I39: COTTRELL | J39: SEMI FULL DOLLY | K39: DOLLY | L39: VIEJA | M39: RE-055 | N39: =VLOOKUP(Tabla2[[#This Row],[No. ECO]],Hoja1!A:D,2,FALSE) -> TY-T- | O39: NO
A40: =Tabla2[[#This Row],[TIPO2]]&" "&Tabla2[[#This Row],[ESTRUCTURA]] -> SEMI FULL DOLLY COTTRELL | B40: TLEA-057 | C40: 3BKZL40X9RF540177 | D40: KENWORTH | E40: CUMMINS X15 | F40: X15 | G40: T880 | H40: 2024 | I40: COTTRELL | J40: SEMI FULL DOLLY | K40: DOLLY | L40: RENOVACIÓN | M40: RE-057 | N40: =VLOOKUP(Tabla2[[#This Row],[No. ECO]],Hoja1!A:D,2,FALSE) -> GM- | O40: SI | P40: 45525 | Q40: Salamanca
A41: =Tabla2[[#This Row],[TIPO2]]&" "&Tabla2[[#This Row],[ESTRUCTURA]] -> SEMI FULL DOLLY COTTRELL | B41: TLEA-058 | C41: 3BKALP9X1GF866456 | D41: KENWORTH | E41: PACCAR MX-13 | F41: MX-13 | G41: T660 | H41: 2016 | I41: COTTRELL | J41: SEMI FULL DOLLY | K41: DOLLY | L41: VIEJA | M41: RE-058 | N41: =VLOOKUP(Tabla2[[#This Row],[No. ECO]],Hoja1!A:D,2,FALSE) -> SIN CLIENTE- | O41: NO
A42: =Tabla2[[#This Row],[TIPO2]]&" "&Tabla2[[#This Row],[ESTRUCTURA]] -> SEMI FULL DOLLY COTTRELL | B42: TLEA-060 | C42: 3BKALP9X7GF866445 | D42: KENWORTH | E42: PACCAR MX-13 | F42: MX-13 | G42: T660 | H42: 2016 | I42: COTTRELL | J42: SEMI FULL DOLLY | K42: DOLLY | L42: VIEJA | M42: RE-060 | N42: =VLOOKUP(Tabla2[[#This Row],[No. ECO]],Hoja1!A:D,2,FALSE) -> GM- | O42: NO
A43: =Tabla2[[#This Row],[TIPO2]]&" "&Tabla2[[#This Row],[ESTRUCTURA]] -> SEMI FULL DOLLY COTTRELL | B43: TLEA-061 | C43: 3BKALP9X0GF866450 | D43: KENWORTH | E43: PACCAR MX-13 | F43: MX-13 | G43: T660 | H43: 2016 | I43: COTTRELL | J43: SEMI FULL DOLLY | K43: DOLLY | L43: VIEJA | M43: RE-061 | N43: =VLOOKUP(Tabla2[[#This Row],[No. ECO]],Hoja1!A:D,2,FALSE) -> MZ- | O43: NO
A44: =Tabla2[[#This Row],[TIPO2]]&" "&Tabla2[[#This Row],[ESTRUCTURA]] -> SEMI FULL DOLLY COTTRELL | B44: TLEA-062 | C44: 3BKALP9X4GF866452 | D44: KENWORTH | E44: PACCAR MX-13 | F44: MX-13 | G44: T660 | H44: 2016 | I44: COTTRELL | J44: SEMI FULL DOLLY | K44: DOLLY | L44: VIEJA | M44: RE-062 | N44: =VLOOKUP(Tabla2[[#This Row],[No. ECO]],Hoja1!A:D,2,FALSE) -> AU- | O44: NO
A45: =Tabla2[[#This Row],[TIPO2]]&" "&Tabla2[[#This Row],[ESTRUCTURA]] -> SEMI FULL DOLLY COTTRELL | B45: TLEA-063 | C45: 3BKALP9XXHF867634 | D45: KENWORTH | E45: PACCAR MX-13 | F45: MX-13 | G45: T660 | H45: 2017 | I45: COTTRELL | J45: SEMI FULL DOLLY | K45: DOLLY | L45: VIEJA | M45: RE-063 | N45: =VLOOKUP(Tabla2[[#This Row],[No. ECO]],Hoja1!A:D,2,FALSE) -> GM- | O45: NO
A46: =Tabla2[[#This Row],[TIPO2]]&" "&Tabla2[[#This Row],[ESTRUCTURA]] -> SEMI FULL DOLLY COTTRELL | B46: TLEA-064 | C46: 3BKALP9X1HF867635 | D46: KENWORTH | E46: PACCAR MX-13 | F46: MX-13 | G46: T660 | H46: 2017 | I46: COTTRELL | J46: SEMI FULL DOLLY | K46: DOLLY | L46: VIEJA | M46: RE-064 | N46: =VLOOKUP(Tabla2[[#This Row],[No. ECO]],Hoja1!A:D,2,FALSE) -> MZ- | O46: NO
A47: =Tabla2[[#This Row],[TIPO2]]&" "&Tabla2[[#This Row],[ESTRUCTURA]] -> SEMI FULL DOLLY COTTRELL | B47: TLEA-065 | C47: 3BKALP9X2HF867636 | D47: KENWORTH | E47: PACCAR MX-13 | F47: MX-13 | G47: T660 | H47: 2017 | I47: COTTRELL | J47: SEMI FULL DOLLY | K47: DOLLY | L47: VIEJA | M47: RE-065 | N47: =VLOOKUP(Tabla2[[#This Row],[No. ECO]],Hoja1!A:D,2,FALSE) -> SIN CLIENTE- | O47: NO
A48: =Tabla2[[#This Row],[TIPO2]]&" "&Tabla2[[#This Row],[ESTRUCTURA]] -> SEMI FULL DOLLY COTTRELL | B48: TLEA-066 | C48: 3BKZL40X0RF540178 | D48: KENWORTH | E48: CUMMINS X15 | F48: X15 | G48: T880 | H48: 2024 | I48: COTTRELL | J48: SEMI FULL DOLLY | K48: DOLLY | L48: RENOVACIÓN | M48: RE-066 | N48: =VLOOKUP(Tabla2[[#This Row],[No. ECO]],Hoja1!A:D,2,FALSE) -> GM- | O48: SI | P48: 45615 | Q48: Salinas
A49: =Tabla2[[#This Row],[TIPO2]]&" "&Tabla2[[#This Row],[ESTRUCTURA]] -> SEMI FULL DOLLY COTTRELL | B49: TLEA-067 | C49: 3BKALP9XXHF867638 | D49: KENWORTH | E49: PACCAR MX-13 | F49: MX-13 | G49: T660 | H49: 2017 | I49: COTTRELL | J49: SEMI FULL DOLLY | K49: DOLLY | L49: VIEJA | M49: RE-067 | N49: =VLOOKUP(Tabla2[[#This Row],[No. ECO]],Hoja1!A:D,2,FALSE) -> SIN CLIENTE- | O49: NO
A50: =Tabla2[[#This Row],[TIPO2]]&" "&Tabla2[[#This Row],[ESTRUCTURA]] -> FULL LOHR | B50: TLEA-071 | C50: 3WKAD49X5HF868283 | D50: KENWORTH | E50: CUMMINS EPA 04 | F50: EPA 04 | G50: T660 | H50: 2017 | I50: LOHR | J50: FULL | K50: LHOR | L50: VIEJA | M50: RE-071 | N50: =VLOOKUP(Tabla2[[#This Row],[No. ECO]],Hoja1!A:D,2,FALSE) -> SIN CLIENTE- | O50: NO
A51: =Tabla2[[#This Row],[TIPO2]]&" "&Tabla2[[#This Row],[ESTRUCTURA]] -> FULL LOHR | B51: TLEA-075 | C51: 3WKAD49X1HP868278 | D51: KENWORTH | E51: CUMMINS EPA 04 | F51: EPA 04 | G51: T660 | H51: 2017 | I51: LOHR | J51: FULL | K51: LHOR | L51: VIEJA | M51: RE-075 | N51: =VLOOKUP(Tabla2[[#This Row],[No. ECO]],Hoja1!A:D,2,FALSE) -> SIN CLIENTE- | O51: NO
A52: =Tabla2[[#This Row],[TIPO2]]&" "&Tabla2[[#This Row],[ESTRUCTURA]] -> FULL LOHR | B52: TLEA-076 | C52: 3WKAD49X8HF868276 | D52: KENWORTH | E52: CUMMINS EPA 04 | F52: EPA 04 | G52: T660 | H52: 2017 | I52: LOHR | J52: FULL | K52: LHOR | L52: VIEJA | M52: RE-076 | N52: =VLOOKUP(Tabla2[[#This Row],[No. ECO]],Hoja1!A:D,2,FALSE) -> SIN CLIENTE- | O52: NO
A53: =Tabla2[[#This Row],[TIPO2]]&" "&Tabla2[[#This Row],[ESTRUCTURA]] -> FULL LOHR | B53: TLEA-077 | C53: 3WKAD49XHF868280 | D53: KENWORTH | E53: CUMMINS EPA 04 | F53: EPA 04 | G53: T660 | H53: 2017 | I53: LOHR | J53: FULL | K53: LHOR | L53: VIEJA | M53: RE-077 | N53: =VLOOKUP(Tabla2[[#This Row],[No. ECO]],Hoja1!A:D,2,FALSE) -> SIN CLIENTE- | O53: NO
A54: =Tabla2[[#This Row],[TIPO2]]&" "&Tabla2[[#This Row],[ESTRUCTURA]] -> FULL LOHR | B54: TLEA-078 | C54: 3WKAD49XXHF868277 | D54: KENWORTH | E54: CUMMINS EPA 04 | F54: EPA 04 | G54: T660 | H54: 2017 | I54: LOHR | J54: FULL | K54: LHOR | L54: VIEJA | M54: RE-078 | N54: =VLOOKUP(Tabla2[[#This Row],[No. ECO]],Hoja1!A:D,2,FALSE) -> MZ- | O54: NO
A55: =Tabla2[[#This Row],[TIPO2]]&" "&Tabla2[[#This Row],[ESTRUCTURA]] -> FULL LOHR | B55: TLEA-080 | C55: 3WKAD49X3HF868282 | D55: KENWORTH | E55: CUMMINS EPA 04 | F55: EPA 04 | G55: T660 | H55: 2017 | I55: LOHR | J55: FULL | K55: LHOR | L55: VIEJA | M55: RE-080 | N55: =VLOOKUP(Tabla2[[#This Row],[No. ECO]],Hoja1!A:D,2,FALSE) -> SIN CLIENTE- | O55: NO
A56: =Tabla2[[#This Row],[TIPO2]]&" "&Tabla2[[#This Row],[ESTRUCTURA]] -> QUINTA BAJA COTTRELL | B56: TLEA-081 | C56: 3BKZL40X7PF536271 | D56: KENWORTH | E56: CUMMINS X15 | F56: X15 | G56: T880 | H56: 2023 | I56: COTTRELL | J56: QUINTA BAJA | K56: QB | L56: RENOVACIÓN | M56: RE-081 | N56: =VLOOKUP(Tabla2[[#This Row],[No. ECO]],Hoja1!A:D,2,FALSE) -> GM- | O56: SI | P56: 45572 | Q56: Salinas
A57: =Tabla2[[#This Row],[TIPO2]]&" "&Tabla2[[#This Row],[ESTRUCTURA]] -> QUINTA BAJA COTTRELL | B57: TLEA-082 | C57: 3BKZL40X1PF536265 | D57: KENWORTH | E57: CUMMINS X15 | F57: X15 | G57: T880 | H57: 2023 | I57: COTTRELL | J57: QUINTA BAJA | K57: QB | L57: RENOVACIÓN | M57: RE-082 | N57: =VLOOKUP(Tabla2[[#This Row],[No. ECO]],Hoja1!A:D,2,FALSE) -> GM- | O57: SI | P57: 45609 | Q57: Salinas
A58: =Tabla2[[#This Row],[TIPO2]]&" "&Tabla2[[#This Row],[ESTRUCTURA]] -> QUINTA BAJA COTTRELL | B58: TLEA-083 | C58: 3WKZD40X3RF540085 | D58: KENWORTH | E58: CUMMINS X15 | F58: X15 | G58: T880 | H58: 2024 | I58: COTTRELL | J58: QUINTA BAJA | K58: QB | L58: RENOVACIÓN | M58: RE-083 | N58: =VLOOKUP(Tabla2[[#This Row],[No. ECO]],Hoja1!A:D,2,FALSE) -> TY-T- | O58: SI | P58: 45513 | Q58: Salamanca
A59: =Tabla2[[#This Row],[TIPO2]]&" "&Tabla2[[#This Row],[ESTRUCTURA]] -> QUINTA BAJA COTTRELL | B59: TLEA-085 | C59: 3BKZL40X2RF540151 | D59: KENWORTH | E59: CUMMINS X15 | F59: X15 | G59: T880 | H59: 2024 | I59: COTTRELL | J59: QUINTA BAJA | K59: QB | L59: RENOVACIÓN | M59: RE-085 | N59: =VLOOKUP(Tabla2[[#This Row],[No. ECO]],Hoja1!A:D,2,FALSE) -> GM- | O59: NO
A60: =Tabla2[[#This Row],[TIPO2]]&" "&Tabla2[[#This Row],[ESTRUCTURA]] -> QUINTA BAJA COTTRELL | B60: TLEA-086 | C60: 3BKZL40X4RF540152 | D60: KENWORTH | E60: CUMMINS X15 | F60: X15 | G60: T660 | H60: 2024 | I60: COTTRELL | J60: QUINTA BAJA | K60: QB | L60: RENOVACIÓN | M60: RE-086 | N60: =VLOOKUP(Tabla2[[#This Row],[No. ECO]],Hoja1!A:D,2,FALSE) -> GM- | O60: NO
A61: =Tabla2[[#This Row],[TIPO2]]&" "&Tabla2[[#This Row],[ESTRUCTURA]] -> QUINTA BAJA COTTRELL | B61: TLEA-087 | C61: 3BKZL40X3RF538098 | D61: KENWORTH | E61: CUMMINS X15 | F61: X15 | G61: T880 | H61: 2024 | I61: COTTRELL | J61: QUINTA BAJA | K61: QB | L61: RENOVACIÓN | M61: RE-087 | N61: =VLOOKUP(Tabla2[[#This Row],[No. ECO]],Hoja1!A:D,2,FALSE) -> GM- | O61: SI | P61: 45611 | Q61: Salinas
A62: =Tabla2[[#This Row],[TIPO2]]&" "&Tabla2[[#This Row],[ESTRUCTURA]] -> QUINTA BAJA COTTRELL | B62: TLEA-090 | C62: 3WKZD40X5RF540086 | D62: KENWORTH | E62: CUMMINS X15 | F62: X15 | G62: T880 | H62: 2024 | I62: COTTRELL | J62: QUINTA BAJA | K62: QB | L62: CRECIMIENTO | M62: RE-090 | N62: =VLOOKUP(Tabla2[[#This Row],[No. ECO]],Hoja1!A:D,2,FALSE) -> AU- | O62: SI | P62: 45527 | Q62: Salamanca
A63: =Tabla2[[#This Row],[TIPO2]]&" "&Tabla2[[#This Row],[ESTRUCTURA]] -> QUINTA BAJA COTTRELL | B63: TLEA-093 | C63: 3BKZL40X9PF536272 | D63: KENWORTH | E63: CUMMINS X15 | F63: X15 | G63: T880 | H63: 2023 | I63: COTTRELL | J63: QUINTA BAJA | K63: QB | L63: RENOVACIÓN | M63: RE-093 | N63: =VLOOKUP(Tabla2[[#This Row],[No. ECO]],Hoja1!A:D,2,FALSE) -> GM- | O63: SI | P63: 45589 | Q63: Salinas
A64: =Tabla2[[#This Row],[TIPO2]]&" "&Tabla2[[#This Row],[ESTRUCTURA]] -> SEMI FULL DOLLY COTTRELL | B64: TLEA-106 | C64: 3BKALP9X0HF868846 | D64: KENWORTH | E64: PACCAR MX-13 | F64: MX-13 | G64: T660 | H64: 2017 | I64: COTTRELL | J64: SEMI FULL DOLLY | K64: DOLLY | L64: VIEJA | M64: RE-106 | N64: =VLOOKUP(Tabla2[[#This Row],[No. ECO]],Hoja1!A:D,2,FALSE) -> SIN CLIENTE- | O64: NO
A65: =Tabla2[[#This Row],[TIPO2]]&" "&Tabla2[[#This Row],[ESTRUCTURA]] -> SEMI FULL DOLLY COTTRELL | B65: TLEA-108 | C65: 3BKZL40X3RF538067 | D65: KENWORTH | E65: CUMMINS X15 | F65: X15 | G65: T880 | H65: 2024 | I65: COTTRELL | J65: SEMI FULL DOLLY | K65: DOLLY | L65: RENOVACIÓN | M65: RE-108 | N65: =VLOOKUP(Tabla2[[#This Row],[No. ECO]],Hoja1!A:D,2,FALSE) -> GM- | O65: NO
A66: =Tabla2[[#This Row],[TIPO2]]&" "&Tabla2[[#This Row],[ESTRUCTURA]] -> SEMI FULL DOLLY COTTRELL | B66: TLEA-112 | C66: 3BKALP9X4HF868851 | D66: KENWORTH | E66: PACCAR MX-13 | F66: MX-13 | G66: T660 | H66: 2017 | I66: COTTRELL | J66: SEMI FULL DOLLY | K66: DOLLY | L66: VIEJA | M66: RE-112 | N66: =VLOOKUP(Tabla2[[#This Row],[No. ECO]],Hoja1!A:D,2,FALSE) -> GM- | O66: NO
A67: =Tabla2[[#This Row],[TIPO2]]&" "&Tabla2[[#This Row],[ESTRUCTURA]] -> QUINTA BAJA 2.0 COTTRELL | B67: TLEA-115 | C67: 3BKZL40X0PF536273 | D67: KENWORTH | E67: CUMMINS X15 | F67: X15 | G67: T880 | H67: 2024 | I67: COTTRELL | J67: QUINTA BAJA 2.0 | K67: QB | L67: CRECIMIENTO | M67: RE-115 | N67: =VLOOKUP(Tabla2[[#This Row],[No. ECO]],Hoja1!A:D,2,FALSE) -> GM- | O67: NO
A68: =Tabla2[[#This Row],[TIPO2]]&" "&Tabla2[[#This Row],[ESTRUCTURA]] -> QUINTA BAJA 2.0 COTTRELL | B68: TLEA-116 | C68: 3BKZL40X9RF536274 | D68: KENWORTH | E68: CUMMINS X15 | F68: X15 | G68: T880 | H68: 2024 | I68: COTTRELL | J68: QUINTA BAJA 2.0 | K68: QB | L68: CRECIMIENTO | M68: RE-116 | N68: =VLOOKUP(Tabla2[[#This Row],[No. ECO]],Hoja1!A:D,2,FALSE) -> GM- | O68: NO
A69: =Tabla2[[#This Row],[TIPO2]]&" "&Tabla2[[#This Row],[ESTRUCTURA]] -> QUINTA BAJA 2.0 COTTRELL | B69: TLEA-117 | C69: 3BKZL40X8RF538095 | D69: KENWORTH | E69: CUMMINS X15 | F69: X15 | G69: T880 | H69: 2024 | I69: COTTRELL | J69: QUINTA BAJA 2.0 | K69: QB | L69: CRECIMIENTO | M69: RE-117 | N69: =VLOOKUP(Tabla2[[#This Row],[No. ECO]],Hoja1!A:D,2,FALSE) -> GM- | O69: SI | P69: 45611 | Q69: Salinas
A70: =Tabla2[[#This Row],[TIPO2]]&" "&Tabla2[[#This Row],[ESTRUCTURA]] -> QUINTA BAJA 2.0 COTTRELL | B70: TLEA-118 | C70: 3BKZL40X1RF538097 | D70: KENWORTH | E70: CUMMINS X15 | F70: X15 | G70: T880 | H70: 2024 | I70: COTTRELL | J70: QUINTA BAJA 2.0 | K70: QB | L70: CRECIMIENTO | M70: RE-118 | N70: =VLOOKUP(Tabla2[[#This Row],[No. ECO]],Hoja1!A:D,2,FALSE) -> GM- | O70: NO
A71: =Tabla2[[#This Row],[TIPO2]]&" "&Tabla2[[#This Row],[ESTRUCTURA]] -> QUINTA BAJA 2.0 COTTRELL | B71: TLEA-119 | C71: 3BKZL40X5RF538099 | D71: KENWORTH | E71: CUMMINS X15 | F71: X15 | G71: T880 | H71: 2024 | I71: COTTRELL | J71: QUINTA BAJA 2.0 | K71: QB | L71: CRECIMIENTO | M71: RE-119 | N71: =VLOOKUP(Tabla2[[#This Row],[No. ECO]],Hoja1!A:D,2,FALSE) -> GM- | O71: NO
A72: =Tabla2[[#This Row],[TIPO2]]&" "&Tabla2[[#This Row],[ESTRUCTURA]] -> QUINTA BAJA 2.0 COTTRELL | B72: TLEA-120 | C72: 3BKZL40X8RF538100 | D72: KENWORTH | E72: CUMMINS X15 | F72: X15 | G72: T880 | H72: 2024 | I72: COTTRELL | J72: QUINTA BAJA 2.0 | K72: QB | L72: CRECIMIENTO | M72: RE-120 | N72: =VLOOKUP(Tabla2[[#This Row],[No. ECO]],Hoja1!A:D,2,FALSE) -> GM- | O72: NO
A73: =Tabla2[[#This Row],[TIPO2]]&" "&Tabla2[[#This Row],[ESTRUCTURA]] -> QUINTA BAJA 2.0 COTTRELL | B73: TLEA-121 | C73: 3BKZL40XXRF538101 | D73: KENWORTH | E73: CUMMINS X15 | F73: X15 | G73: T880 | H73: 2024 | I73: COTTRELL | J73: QUINTA BAJA 2.0 | K73: QB | L73: CRECIMIENTO | M73: RE-121 | N73: =VLOOKUP(Tabla2[[#This Row],[No. ECO]],Hoja1!A:D,2,FALSE) -> GM- | O73: NO
A74: =Tabla2[[#This Row],[TIPO2]]&" "&Tabla2[[#This Row],[ESTRUCTURA]] -> QUINTA BAJA 2.0 COTTRELL | B74: TLEA-122 | C74: 3BKZL40X1RF538102 | D74: KENWORTH | E74: CUMMINS X15 | F74: X15 | G74: T880 | H74: 2024 | I74: COTTRELL | J74: QUINTA BAJA 2.0 | K74: QB | L74: CRECIMIENTO | M74: RE-122 | N74: =VLOOKUP(Tabla2[[#This Row],[No. ECO]],Hoja1!A:D,2,FALSE) -> GM- | O74: SI | P74: 45610 | Q74: Salinas
A75: =Tabla2[[#This Row],[TIPO2]]&" "&Tabla2[[#This Row],[ESTRUCTURA]] -> QUINTA BAJA 2.0 COTTRELL | B75: TLEA-123 | C75: 3BKZL40X3RF538103 | D75: KENWORTH | E75: CUMMINS X15 | F75: X15 | G75: T880 | H75: 2024 | I75: COTTRELL | J75: QUINTA BAJA 2.0 | K75: QB | L75: CRECIMIENTO | M75: RE-123 | N75: =VLOOKUP(Tabla2[[#This Row],[No. ECO]],Hoja1!A:D,2,FALSE) -> GM- | O75: SI | P75: 45518 | Q75: Salamanca
A76: =Tabla2[[#This Row],[TIPO2]]&" "&Tabla2[[#This Row],[ESTRUCTURA]] -> QUINTA BAJA 2.0 COTTRELL | B76: TLEA-124 | C76: 3BKZL40X5RF538104 | D76: KENWORTH | E76: CUMMINS X15 | F76: X15 | G76: T880 | H76: 2024 | I76: COTTRELL | J76: QUINTA BAJA 2.0 | K76: QB | L76: CRECIMIENTO | M76: RE-124 | N76: =VLOOKUP(Tabla2[[#This Row],[No. ECO]],Hoja1!A:D,2,FALSE) -> GM- | O76: SI | P76: 45609 | Q76: Salinas
A77: =Tabla2[[#This Row],[TIPO2]]&" "&Tabla2[[#This Row],[ESTRUCTURA]] -> QUINTA BAJA 2.0 COTTRELL | B77: TLEA-125 | C77: 3BKZL40X7RF538105 | D77: KENWORTH | E77: CUMMINS X15 | F77: X15 | G77: T880 | H77: 2024 | I77: COTTRELL | J77: QUINTA BAJA 2.0 | K77: QB | L77: CRECIMIENTO | M77: RE-125 | N77: =VLOOKUP(Tabla2[[#This Row],[No. ECO]],Hoja1!A:D,2,FALSE) -> GM- | O77: SI | P77: 45610 | Q77: Salinas
A78: =Tabla2[[#This Row],[TIPO2]]&" "&Tabla2[[#This Row],[ESTRUCTURA]] -> QUINTA BAJA 2.0 COTTRELL | B78: TLEA-126 | C78: 3BKZL40X9RF538106 | D78: KENWORTH | E78: CUMMINS X15 | F78: X15 | G78: T880 | H78: 2024 | I78: COTTRELL | J78: QUINTA BAJA 2.0 | K78: QB | L78: CRECIMIENTO | M78: RE-126 | N78: =VLOOKUP(Tabla2[[#This Row],[No. ECO]],Hoja1!A:D,2,FALSE) -> GM- | O78: SI | P78: 45572 | Q78: Salinas
A79: =Tabla2[[#This Row],[TIPO2]]&" "&Tabla2[[#This Row],[ESTRUCTURA]] -> QUINTA BAJA 2.0 COTTRELL | B79: TLEA-127 | C79: 3BKZL40X4RF538109 | D79: KENWORTH | E79: CUMMINS X15 | F79: X15 | G79: T880 | H79: 2024 | I79: COTTRELL | J79: QUINTA BAJA 2.0 | K79: QB | L79: CRECIMIENTO | M79: RE-127 | N79: =VLOOKUP(Tabla2[[#This Row],[No. ECO]],Hoja1!A:D,2,FALSE) -> GM- | O79: NO
A80: =Tabla2[[#This Row],[TIPO2]]&" "&Tabla2[[#This Row],[ESTRUCTURA]] -> QUINTA BAJA 2.0 COTTRELL | B80: TLEA-128 | C80: 3BKZL40X0RF538107 | D80: KENWORTH | E80: CUMMINS X15 | F80: X15 | G80: T880 | H80: 2024 | I80: COTTRELL | J80: QUINTA BAJA 2.0 | K80: QB | L80: CRECIMIENTO | M80: RE-128 | N80: =VLOOKUP(Tabla2[[#This Row],[No. ECO]],Hoja1!A:D,2,FALSE) -> GM- | O80: SI | P80: 45588 | Q80: Salinas
A81: =Tabla2[[#This Row],[TIPO2]]&" "&Tabla2[[#This Row],[ESTRUCTURA]] -> QUINTA BAJA 2.0 COTTRELL | B81: TLEA-129 | C81: 3BKZL40X2RF538108 | D81: KENWORTH | E81: CUMMINS X15 | F81: X15 | G81: T880 | H81: 2024 | I81: COTTRELL | J81: QUINTA BAJA 2.0 | K81: QB | L81: CRECIMIENTO | M81: RE-129 | N81: =VLOOKUP(Tabla2[[#This Row],[No. ECO]],Hoja1!A:D,2,FALSE) -> GM- | O81: NO
A82: =Tabla2[[#This Row],[TIPO2]]&" "&Tabla2[[#This Row],[ESTRUCTURA]] -> QUINTA BAJA 2.0 COTTRELL | B82: TLEA-130 | C82: 3BKZL40X2RF538111 | D82: KENWORTH | E82: CUMMINS X15 | F82: X15 | G82: T880 | H82: 2024 | I82: COTTRELL | J82: QUINTA BAJA 2.0 | K82: QB | L82: CRECIMIENTO | M82: RE-130 | N82: =VLOOKUP(Tabla2[[#This Row],[No. ECO]],Hoja1!A:D,2,FALSE) -> GM- | O82: NO
A83: =Tabla2[[#This Row],[TIPO2]]&" "&Tabla2[[#This Row],[ESTRUCTURA]] -> QUINTA BAJA 2.0 COTTRELL | B83: TLEA-131 | C83: 3BKZL40XXRF538096 | D83: KENWORTH | E83: CUMMINS X15 | F83: X15 | G83: T880 | H83: 2024 | I83: COTTRELL | J83: QUINTA BAJA 2.0 | K83: QB | L83: CRECIMIENTO | M83: RE-131 | N83: =VLOOKUP(Tabla2[[#This Row],[No. ECO]],Hoja1!A:D,2,FALSE) -> GM- | O83: SI | P83: 45587 | Q83: Salinas
A84: =Tabla2[[#This Row],[TIPO2]]&" "&Tabla2[[#This Row],[ESTRUCTURA]] -> C3 JAES | B84: TLEA-132 | C84: 3WKZD40X0RF540061 | D84: KENWORTH | E84: CUMMINS X15 | F84: X15 | G84: T880 | H84: 2024 | I84: JAES | J84: C3 | K84: JAES | L84: CRECIMIENTO | M84: RE-132 | N84: =VLOOKUP(Tabla2[[#This Row],[No. ECO]],Hoja1!A:D,2,FALSE) -> GM- | O84: NO
A85: =Tabla2[[#This Row],[TIPO2]]&" "&Tabla2[[#This Row],[ESTRUCTURA]] -> C3 JAES | B85: TLEA-133 | C85: 3WKZD40X2RF540062 | D85: KENWORTH | E85: CUMMINS X15 | F85: X15 | G85: T880 | H85: 2024 | I85: JAES | J85: C3 | K85: JAES | L85: CRECIMIENTO | M85: RE-133 | N85: =VLOOKUP(Tabla2[[#This Row],[No. ECO]],Hoja1!A:D,2,FALSE) -> GM- | O85: SI | P85: 45610 | Q85: Salinas
A86: =Tabla2[[#This Row],[TIPO2]]&" "&Tabla2[[#This Row],[ESTRUCTURA]] -> C3 JAES | B86: TLEA-134 | C86: 3WKZD40X4RF540063 | D86: KENWORTH | E86: CUMMINS X15 | F86: X15 | G86: T880 | H86: 2024 | I86: JAES | J86: C3 | K86: JAES | L86: CRECIMIENTO | M86: RE-134 | N86: =VLOOKUP(Tabla2[[#This Row],[No. ECO]],Hoja1!A:D,2,FALSE) -> GM- | O86: SI | P86: 45572 | Q86: Salinas
A87: =Tabla2[[#This Row],[TIPO2]]&" "&Tabla2[[#This Row],[ESTRUCTURA]] -> C3 JAES | B87: TLEA-135 | C87: 3WKZD40X6RF540064 | D87: KENWORTH | E87: CUMMINS X15 | F87: X15 | G87: T880 | H87: 2024 | I87: JAES | J87: C3 | K87: JAES | L87: CRECIMIENTO | M87: RE-135 | N87: =VLOOKUP(Tabla2[[#This Row],[No. ECO]],Hoja1!A:D,2,FALSE) -> GM- | O87: SI | P87: 45610 | Q87: Salinas
A88: =Tabla2[[#This Row],[TIPO2]]&" "&Tabla2[[#This Row],[ESTRUCTURA]] -> C3 JAES | B88: TLEA-136 | C88: 3WKZD40X8RF540065 | D88: KENWORTH | E88: CUMMINS X15 | F88: X15 | G88: T880 | H88: 2024 | I88: JAES | J88: C3 | K88: JAES | L88: CRECIMIENTO | M88: RE-136 | N88: =VLOOKUP(Tabla2[[#This Row],[No. ECO]],Hoja1!A:D,2,FALSE) -> GM- | O88: SI | P88: 45552 | Q88: Salamanca
A89: =Tabla2[[#This Row],[TIPO2]]&" "&Tabla2[[#This Row],[ESTRUCTURA]] -> C3 JAES | B89: TLEA-137 | C89: 3WKZD40X2RF540059 | D89: KENWORTH | E89: CUMMINS X15 | F89: X15 | G89: T880 | H89: 2024 | I89: JAES | J89: C3 | K89: JAES | L89: CRECIMIENTO | M89: RE-137 | N89: =VLOOKUP(Tabla2[[#This Row],[No. ECO]],Hoja1!A:D,2,FALSE) -> GM- | O89: SI | P89: 45611 | Q89: Salinas
A90: =Tabla2[[#This Row],[TIPO2]]&" "&Tabla2[[#This Row],[ESTRUCTURA]] -> C3 JAES | B90: TLEA-138 | C90: 3WKZD40X9RF540060 | D90: KENWORTH | E90: CUMMINS X15 | F90: X15 | G90: T880 | H90: 2024 | I90: JAES | J90: C3 | K90: JAES | L90: CRECIMIENTO | M90: RE-138 | N90: =VLOOKUP(Tabla2[[#This Row],[No. ECO]],Hoja1!A:D,2,FALSE) -> GM- | O90: SI | P90: 45598 | Q90: Salinas
A91: =Tabla2[[#This Row],[TIPO2]]&" "&Tabla2[[#This Row],[ESTRUCTURA]] -> C3 JAES | B91: TLEA-139 | C91: 3HSDZAPT8RN423966 | D91: INTERNATIONAL | E91: CUMMINS X15 | F91: X15 | G91: LT625 | H91: 2024 | I91: JAES | J91: C3 | K91: JAES | L91: CRECIMIENTO | M91: RE-139 | N91: =VLOOKUP(Tabla2[[#This Row],[No. ECO]],Hoja1!A:D,2,FALSE) -> BMW- | O91: NO
A92: =Tabla2[[#This Row],[TIPO2]]&" "&Tabla2[[#This Row],[ESTRUCTURA]] -> C3 JAES | B92: TLEA-140 | C92: 3HSDZAPT2RN686468 | D92: INTERNATIONAL | E92: CUMMINS X15 | F92: X15 | G92: LT625 | H92: 2024 | I92: JAES | J92: C3 | K92: JAES | L92: CRECIMIENTO | M92: RE-140 | N92: =VLOOKUP(Tabla2[[#This Row],[No. ECO]],Hoja1!A:D,2,FALSE) -> BMW- | O92: SI | P92: 45611 | Q92: Salinas
A93: =Tabla2[[#This Row],[TIPO2]]&" "&Tabla2[[#This Row],[ESTRUCTURA]] -> C3 JAES | B93: TLEA-141 | C93: 3HSDZAPT4RN181578 | D93: INTERNATIONAL | E93: CUMMINS X15 | F93: X15 | G93: LT625 | H93: 2024 | I93: JAES | J93: C3 | K93: JAES | L93: CRECIMIENTO | M93: RE-141 | N93: =VLOOKUP(Tabla2[[#This Row],[No. ECO]],Hoja1!A:D,2,FALSE) -> BMW- | O93: NO
A94: =Tabla2[[#This Row],[TIPO2]]&" "&Tabla2[[#This Row],[ESTRUCTURA]] -> C3 JAES | B94: TLEA-142 | C94: 3HSDZAPT6RN181579 | D94: INTERNATIONAL | E94: CUMMINS X15 | F94: X15 | G94: LT625 | H94: 2024 | I94: JAES | J94: C3 | K94: JAES | L94: CRECIMIENTO | M94: RE-142 | N94: =VLOOKUP(Tabla2[[#This Row],[No. ECO]],Hoja1!A:D,2,FALSE) -> GM- | O94: SI | P94: 45541 | Q94: Salamanca
A95: =Tabla2[[#This Row],[TIPO2]]&" "&Tabla2[[#This Row],[ESTRUCTURA]] -> C3 JAES | B95: TLEA-143 | C95: 3HSDZAPT2RN181580 | D95: INTERNATIONAL | E95: CUMMINS X15 | F95: X15 | G95: LT625 | H95: 2024 | I95: JAES | J95: C3 | K95: JAES | L95: CRECIMIENTO | M95: RE-143 | N95: =VLOOKUP(Tabla2[[#This Row],[No. ECO]],Hoja1!A:D,2,FALSE) -> BMW- | O95: NO
A96: =Tabla2[[#This Row],[TIPO2]]&" "&Tabla2[[#This Row],[ESTRUCTURA]] -> C3 JAES | B96: TLEA-144 | C96: 3HSDZAPT4RN686391 | D96: INTERNATIONAL | E96: CUMMINS X15 | F96: X15 | G96: LT625 | H96: 2024 | I96: JAES | J96: C3 | K96: JAES | L96: CRECIMIENTO | M96: RE-144 | N96: =VLOOKUP(Tabla2[[#This Row],[No. ECO]],Hoja1!A:D,2,FALSE) -> GM- | O96: SI | P96: 45512 | Q96: Salamanca
A97: =Tabla2[[#This Row],[TIPO2]]&" "&Tabla2[[#This Row],[ESTRUCTURA]] -> C3 JAES | B97: TLEA-145 | C97: 3HSDZAPT9RN182595 | D97: INTERNATIONAL | E97: CUMMINS X15 | F97: X15 | G97: LT625 | H97: 2024 | I97: JAES | J97: C3 | K97: JAES | L97: CRECIMIENTO | M97: RE-145 | N97: =VLOOKUP(Tabla2[[#This Row],[No. ECO]],Hoja1!A:D,2,FALSE) -> GM- | O97: NO
A98: =Tabla2[[#This Row],[TIPO2]]&" "&Tabla2[[#This Row],[ESTRUCTURA]] -> QUINTA BAJA 2.0 COTTRELL | B98: TLEA-146 | C98: 3BKZL40X0RF540150 | D98: KENWORTH | E98: CUMMINS X15 | F98: X15 | G98: T880 | H98: 2024 | I98: COTTRELL | J98: QUINTA BAJA 2.0 | K98: QB | L98: CRECIMIENTO | M98: RE-146 | N98: =VLOOKUP(Tabla2[[#This Row],[No. ECO]],Hoja1!A:D,2,FALSE) -> GM- | O98: NO
A99: =Tabla2[[#This Row],[TIPO2]]&" "&Tabla2[[#This Row],[ESTRUCTURA]] -> QUINTA BAJA 2.0 COTTRELL | B99: TLEA-147 | C99: 3BKZL40X3RF540160 | D99: KENWORTH | E99: CUMMINS X15 | F99: X15 | G99: T880 | H99: 2024 | I99: COTTRELL | J99: QUINTA BAJA 2.0 | K99: QB | L99: CRECIMIENTO | M99: RE-147 | N99: =VLOOKUP(Tabla2[[#This Row],[No. ECO]],Hoja1!A:D,2,FALSE) -> GM- | O99: SI | P99: 45609 | Q99: Salinas
A100: =Tabla2[[#This Row],[TIPO2]]&" "&Tabla2[[#This Row],[ESTRUCTURA]] -> QUINTA BAJA 2.0 COTTRELL | B100: TLEA-148 | C100: 3BKZL40X5RF540161 | D100: KENWORTH | E100: CUMMINS X15 | F100: X15 | G100: T880 | H100: 2024 | I100: COTTRELL | J100: QUINTA BAJA 2.0 | K100: QB | L100: CRECIMIENTO | M100: RE-148 | N100: =VLOOKUP(Tabla2[[#This Row],[No. ECO]],Hoja1!A:D,2,FALSE) -> GM- | O100: NO
...

Sheet Hoja2
A1: traC-to | B1: gober | D1: feC-ha
A2: C-01 | B2: NO | C2: 0 | D2: null | F2: =CONCATENATE("update unidad set gobernada = ", C2,", fechagobernada = ",D2,"' where name = '",A2,"';") -> update unidad set gobernada = 0, fechagobernada = null' where name = 'C-01';
A3: C-02 | B3: SI | C3: 1 | D3: '2024-08-01 | F3: =CONCATENATE("update unidad set gobernada = ", C3,", fechagobernada = ",D3,"' where name = '",A3,"';") -> update unidad set gobernada = 1, fechagobernada = '2024-08-01' where name = 'C-02';
A4: C-03 | B4: SI | C4: 1 | D4: '2024-08-17 | F4: =CONCATENATE("update unidad set gobernada = ", C4,", fechagobernada = ",D4,"' where name = '",A4,"';") -> update unidad set gobernada = 1, fechagobernada = '2024-08-17' where name = 'C-03';
A5: C-04 | B5: SI | C5: 1 | D5: '2024-10-07 | F5: =CONCATENATE("update unidad set gobernada = ", C5,", fechagobernada = ",D5,"' where name = '",A5,"';") -> update unidad set gobernada = 1, fechagobernada = '2024-10-07' where name = 'C-04';
A6: C-36 | B6: NO | C6: 0 | D6: null | F6: =CONCATENATE("update unidad set gobernada = ", C6,", fechagobernada = ",D6,"' where name = '",A6,"';") -> update unidad set gobernada = 0, fechagobernada = null' where name = 'C-36';
A7: C-37 | B7: SI | C7: 1 | D7: '2024-08-17 | F7: =CONCATENATE("update unidad set gobernada = ", C7,", fechagobernada = ",D7,"' where name = '",A7,"';") -> update unidad set gobernada = 1, fechagobernada = '2024-08-17' where name = 'C-37';
A8: C-38 | B8: SI | C8: 1 | D8: '2024-08-01 | F8: =CONCATENATE("update unidad set gobernada = ", C8,", fechagobernada = ",D8,"' where name = '",A8,"';") -> update unidad set gobernada = 1, fechagobernada = '2024-08-01' where name = 'C-38';
A9: C-39 | B9: SI | C9: 1 | D9: '2024-10-31 | F9: =CONCATENATE("update unidad set gobernada = ", C9,", fechagobernada = ",D9,"' where name = '",A9,"';") -> update unidad set gobernada = 1, fechagobernada = '2024-10-31' where name = 'C-39';
A10: C-40 | B10: SI | C10: 1 | D10: '2024-09-20 | F10: =CONCATENATE("update unidad set gobernada = ", C10,", fechagobernada = ",D10,"' where name = '",A10,"';") -> update unidad set gobernada = 1, fechagobernada = '2024-09-20' where name = 'C-40';
A11: C-41 | B11: SI | C11: 1 | D11: '2024-08-17 | F11: =CONCATENATE("update unidad set gobernada = ", C11,", fechagobernada = ",D11,"' where name = '",A11,"';") -> update unidad set gobernada = 1, fechagobernada = '2024-08-17' where name = 'C-41';
A12: C-42 | B12: NO | C12: 0 | D12: null | F12: =CONCATENATE("update unidad set gobernada = ", C12,", fechagobernada = ",D12,"' where name = '",A12,"';") -> update unidad set gobernada = 0, fechagobernada = null' where name = 'C-42';
A13: C-43 | B13: NO | C13: 0 | D13: null | F13: =CONCATENATE("update unidad set gobernada = ", C13,", fechagobernada = ",D13,"' where name = '",A13,"';") -> update unidad set gobernada = 0, fechagobernada = null' where name = 'C-43';
... A292: TLEA-368 | B292: SI | C292: 1 | D292: '2024-11-19 | F292: =CONCATENATE("update unidad set gobernada = ", C292,", fechagobernada = ",D292,"' where name = '",A292,"';") -> update unidad set gobernada = 1, fechagobernada = '2024-11-19' where name = 'TLEA-368';

Sheet Hoja3
A1: Unidad | B1: PROVEEDOR | C1: INSTALADO
A2: TLEA-016 | B2: COFRIMEX | C2: OK
A3: TLEA-022 | B3: ADESU | C3: OK
A4: TLEA-025 | B4: ADESU | C4: OK
A5: TLEA-030 | B5: ADESU | C5: OK
A6: TLEA-043 | B6: ADESU | C6: OK
A7: TLEA-044 | B7: ADESU | C7: OK
A8: TLEA-051 | B8: COFRIMEX | C8: OK
A9: TLEA-057 | B9: ADESU | C9: OK
A10: TLEA-064 | B10: VIESA | C10: OK
A11: TLEA-065 | B11: ADESU | C11: OK
A12: TLEA-066 | B12: ADESU | C12: OK
... A76: TLEA-307 | B76: ADESU | C76: OK

Sheet Hoja1
A1: UNIDAD | B1: CLIENTE | C1: UN NEGOCIO | D1: DIVISION | E1: DIVISION
A2: C01 | B2: TY-APASEO- | C2: U5 | D2: D3 | E2: =VLOOKUP(A2,'BD Parametros'!B:M,12,FALSE) -> RE-C01
A3: C02 | B3: TY-APASEO- | C3: U5 | D3: D3 | E3: =VLOOKUP(A3,'BD Parametros'!B:M,12,FALSE) -> RE-C02
A4: C03 | B4: DT- | C4: U3 | D4: D2 | E4: =VLOOKUP(A4,'BD Parametros'!B:M,12,FALSE) -> RE-C03
A5: C04 | B5: DT- | C5: U3 | D5: D2 | E5: =VLOOKUP(A5,'BD Parametros'!B:M,12,FALSE) -> RE-C04
A6: C36 | B6: TY-APASEO- | C6: U5 | D6: D3 | E6: =VLOOKUP(A6,'BD Parametros'!B:M,12,FALSE) -> RE-C36
A7: C37 | B7: DT- | C7: U3 | D7: D2 | E7: =VLOOKUP(A7,'BD Parametros'!B:M,12,FALSE) -> RE-C37
A8: C38 | B8: TY-APASEO- | C8: U5 | D8: D3 | E8: =VLOOKUP(A8,'BD Parametros'!B:M,12,FALSE) -> RE-C38
A9: C39 | B9: TY-APASEO- | C9: U5 | D9: D3 | E9: =VLOOKUP(A9,'BD Parametros'!B:M,12,FALSE) -> RE-C39
A10: C40 | B10: DT- | C10: U3 | D10: D2 | E10: =VLOOKUP(A10,'BD Parametros'!B:M,12,FALSE) -> RE-C40
A11: C41 | B11: DT- | C11: U3 | D11: D2 | E11: =VLOOKUP(A11,'BD Parametros'!B:M,12,FALSE) -> RE-C41
A12: C42 | B12: DT- | C12: U3 | D12: D2 | E12: =VLOOKUP(A12,'BD Parametros'!B:M,12,FALSE) -> RE-C42
A13: C43 | B13: DT- | C13: U3 | D13: D2 | E13: =VLOOKUP(A13,'BD Parametros'!B:M,12,FALSE) -> RE-C45
... A281: TLEA-352 | B281: DT- | C281: U3 | D281: D2 | E281: =VLOOKUP(A281,'BD Parametros'!B:M,12,FALSE) -> RE-C05

Sheet GRAFICO_UNID

Sheet ESTRUCTURAS
A1: PROVEEDOR | B1: MODELO
A2: Cottrell | B2: Quinta Baja
A3: Cottrell | B3: Quinta Baja 2.0
A4: Cottrell | B4: Dolly
A5: Cottrell | B5: Full
A6: Cottrell | B6: Quinta Baja Western
A7: Lohr | B7: Full
A8: Boydstun | B8: Quinta Baja Western
A9: Boydstun | B9: Quinta Alta
A10: Jaes | B10: Quinta Baja
